{
    "listed": {
        "episode1": "Rick takes Morty to another dimension to get some seeds for him but Morty's parents are considering to put Rick in a retirement home for keeping Morty away from school to help him in his lab.",
        "episode2": "Morty's small, white dog Snuffles gets on the nerves of the family, so Rick quickly builds a knowledge enhancing helmet for the dog. In the meantime, Rick and Morty decide to incept the dreams of Morty's math teacher, Mr. Goldenfold in order to convince him to give Morty A's in math. While the duo are sent on an epic dream world journey, Snuffles slowly gains sentience, which leads to a slew of even more problems.",
        "episode3": "It's around Christmas time and Jerry's parents are coming to visit so he wants everybody to have a normal holiday without technology and without Rick. Fortunately for him, Rick has other plans, involving building a molecular theme park inside of a friend of his named Ruben, and he shrinks down Morty and sends him in there to test it out.",
        "episode4": "Aliens send Rick, Morty and Jerry into an alternate reality, and Rick tries to get them out as oblivious Jerry pitches a marketing slogan for apples.",
        "episode5": "Morty has grown weary of Rick's shenanigans, so he leads a supposedly safer adventure. Jerry conjures weird creatures to help him with his golf game.",
        "episode6": "Rick provides Morty with a love potion to get Jessica. The serum backfires & Rick's attempt to fix things creates Cronenberg inspired monsters. Rick is okay with it but Morty feels partly responsible for creating a living nightmare.",
        "episode7": "After Morty fathers a child with a sex robot, Rick and Summer visit the robot's planet, where the kid grows into an adult within days.",
        "episode8": "When Rick hooks up the family's tv receiver with reality-tv shows from alternate dimensions, and allows them to see themselves in different versions of their lives, they begin to wonder what they have, and more importantly - what could have been.",
        "episode9": "Rick is skeptical of Summer's new job at a shop run by the devil. Jerry and Morty argue about Pluto's status as a planet and end up traveling there.",
        "episode10": "Rick's just trying to enjoy a nice breakfast, but he's kidnapped by a group of alternate Ricks and taken to stand trial for crimes against Ricks.",
        "episode11": "When Jerry and Beth go away to take part in a re-creation of the sinking of the Titanic, Rick and Summer throw a party that gets out of control."
    }
}